MGLU3,Magazine Luiza,112.446.800,3,05,+1,67%
HAPV3,Hapvida,93.465.900,4,49,-3,02%
VIIA3,Via,54.369.700,1,68,+0,00%
PETR4,Petrobras,41.889.800,30,21,-0,69%
ITSA4,Itaúsa,36.309.700,9,23,-1,49%
ITUB4,Itaú Unibanco,32.706.900,26,85,-0,41%
LREN3,Lojas Renner,22.859.700,17,11,-1,44%
CIEL3,Cielo,22.533.100,3,81,-1,04%
ASAI3,Assaí,19.841.000,13,09,-2,53%
PETZ3,Petz,19.434.600,5,44,+2,45%
COGN3,Cogna,18.891.500,3,08,-1,28%
CMIG4,CEMIG,18.771.300,12,21,+1,67%
ABEV3,Ambev,18.726.000,14,31,-0,35%
CVCB3,CVC,18.706.600,2,50,-2,72%
BBDC4,Banco Bradesco,18.619.600,15,08,-0,72%
BRFS3,BRF,17.815.200,9,93,-2,65%
VALE3,Vale,17.603.100,61,20,-0,03%
B3SA3,B3,16.734.600,13,48,-1,32%
GOLL4,GOL,15.030.300,7,61,-2,44%
MRFG3,Marfrig,14.091.700,7,10,-3,40%
NTCO3,Natura,13.736.400,15,87,-2,28%
HBSA3,Hidrovias do Brasil,13.139.400,4,20,+2,19%
RAIZ4,Raízen,12.245.200,3,50,-2,51%
SOMA3,Grupo Soma,11.303.000,8,62,-2,82%
EQTL3,Equatorial Energia,11.293.400,31,65,-0,78%
CPLE6,Copel,10.996.400,8,66,-0,92%
USIM5,Usiminas,10.742.600,6,88,+0,44%
GGBR4,Gerdau,10.688.600,24,92,-0,60%
PETR3,Petrobras,9.973.500,33,06,-0,96%
RAIL3,Rumo,9.905.900,22,11,-0,72%
JBSS3,JBS,9.629.000,18,69,-2,71%
MRVE3,MRV,9.431.000,12,48,-1,81%
LWSA3,Locaweb,9.423.700,6,77,+0,59%
GOAU4,Metalúrgica Gerdau,9.274.800,11,62,-1,02%
BEEF3,Minerva,8.895.400,10,57,-0,84%
ALPA4,Alpargatas,8.721.400,9,10,-2,57%
AMER3,Americanas,8.668.400,1,01,-1,94%
AZUL4,Azul,8.132.100,15,69,-1,38%
SEQL3,Sequoia Logística,7.933.700,0,86,+2,38%
ANIM3,Ânima Educação,7.863.100,3,84,-1,29%
BBAS3,Banco do Brasil,7.833.000,46,91,-0,36%
PRIO3,PetroRio,7.557.800,44,75,-0,93%
GGPS3,GPS,7.504.800,17,81,+3,43%
ELET3,Eletrobras,7.244.400,33,87,-2,25%
ZAMP3,Zamp,6.880.400,4,17,-0,71%
CPLE3,Copel,6.726.900,8,22,-1,08%
AERI3,Aeris Energy,6.553.600,1,03,-1,90%
VBBR3,Vibra Energia,6.512.500,17,60,-1,29%
OIBR3,Oi,6.505.300,0,80,+1,27%
GFSA3,Gafisa,6.142.200,5,67,+14,31%
CMIN3,CSN Mineração,6.137.300,4,06,+0,00%
RDOR3,Rede D'Or,5.761.200,29,98,+0,81%
IFCM3,Infracommerce,5.525.600,1,78,-4,81%
ALSO3,Aliansce Sonae,5.497.300,22,90,-1,80%
CYRE3,Cyrela,5.410.700,23,45,-1,05%
RENT3,Localiza,5.375.500,62,50,-0,75%
CSAN3,Cosan,5.356.100,17,93,-0,44%
POMO4,Marcopolo,5.206.300,5,84,-1,68%
EMBR3,Embraer,5.139.900,18,73,+0,21%
MLAS3,Multilaser,5.013.800,3,39,-8,63%
WEGE3,WEG,4.858.900,36,04,-0,61%
GMAT3,Grupo Mateus,4.825.300,7,25,-1,49%
ENEV3,Eneva,4.778.700,12,36,-3,13%
RADL3,RaiaDrogasil,4.711.200,26,69,-0,04%
RCSL4,Recrusul,4.618.900,1,46,+0,00%
QUAL3,Qualicorp,4.603.100,3,68,-4,17%
CBAV3,CBA,4.582.000,4,15,-2,12%
JHSF3,JHSF,4.540.200,4,83,+1,05%
CSNA3,Siderúrgica Nacional,4.359.300,12,16,-0,49%
MULT3,Multiplan,4.297.300,26,04,-1,85%
CXSE3,Caixa Seguridade,4.234.600,10,45,-0,29%
CRFB3,Carrefour Brasil,4.124.900,11,36,-4,14%
MOVI3,Movida,4.111.500,12,83,-2,88%
CCRO3,Grupo CCR,4.076.300,12,68,-0,86%
UGPA3,Ultrapar,4.037.100,18,25,-0,27%
BBSE3,BB Seguridade,4.026.900,29,89,+0,03%
TIMS3,TIM,3.975.900,14,55,-2,35%
BBDC3,Banco Bradesco,3.917.200,13,31,-0,52%
VAMO3,Grupo Vamos,3.910.500,11,47,-1,12%
CSMG3,COPASA,3.850.700,19,09,+3,58%
IRBR3,IRB Brasil RE,3.847.700,39,70,-9,24%
ECOR3,EcoRodovias,3.679.500,7,68,-0,90%
AZEV4,Azevedo & Travassos,3.558.200,3,26,+10,51%
YDUQ3,YDUQS,3.524.100,21,32,-5,03%
CEAB3,C&A,3.439.500,5,99,-3,85%
BPAN4,Banco Pan,3.287.300,8,25,-1,55%
RECV3,PetroRecôncavo,3.232.700,22,76,-0,26%
PCAR3,Grupo Pão de Açúcar,3.158.300,19,75,-0,15%
PSSA3,Porto Seguro,3.085.600,26,60,-3,34%
DXCO3,Dexco,3.038.900,8,16,-1,69%
TOTS3,Totvs,2.964.800,27,63,-1,04%
TEND3,Construtora Tenda,2.964.200,12,07,-1,71%
STBP3,Santos Brasil,2.937.900,9,05,-0,98%
FLRY3,Fleury,2.908.300,15,31,+0,86%
RRRP3,3R Petroleum,2.872.700,31,59,-0,50%
SMFT3,Smart Fit,2.693.700,21,95,+2,09%
ITUB3,Itaú Unibanco,2.639.200,23,13,-1,24%
SUZB3,Suzano,2.601.300,50,08,-1,18%
BRKM5,Braskem,2.545.300,22,34,-2,91%
ESPA3,Espaçolaser,2.485.800,1,46,+0,69%
AMAR3,Lojas Marisa,2.429.300,0,77,-1,28%
RCSL3,Recrusul,2.338.900,2,03,+8,56%
CASH3,Méliuz,2.309.400,7,33,-0,68%
AURE3,VTRM ENERGIA PARTICIPAÃiES S.A.,2.109.700,13,56,-0,29%
SAPR4,Sanepar,2.088.600,4,47,-0,45%
ONCO3,Oncoclínicas,2.087.600,11,27,-1,14%
KEPL3,Kepler Weber,2.065.400,10,76,+1,22%
ARZZ3,Arezzo,2.014.300,76,53,-3,26%
LJQQ3,Lojas Quero-Quero,1.978.400,5,21,-1,88%
CAML3,Camil Alimentos,1.944.700,7,86,+0,77%
AZEV3,Azevedo & Travassos,1.935.900,3,19,+9,62%
ELET6,Eletrobras,1.926.200,37,40,-1,94%
KLBN4,Klabin,1.909.900,4,45,-1,33%
BRAP4,Bradespar,1.898.700,21,33,+0,09%
TRPL4,Transmissão Paulista,1.878.400,25,05,-0,63%
SBFG3,Grupo SBF,1.865.800,8,94,-0,78%
RAPT4,Randon,1.862.700,12,14,-1,46%
VIVT3,Vivo,1.846.100,42,03,-1,41%
SEER3,Ser Educacional,1.839.000,6,30,+3,45%
GUAR3,Guararapes,1.836.300,6,54,-5,08%
LIGT3,Light,1.825.300,6,36,-4,50%
EGIE3,Engie,1.819.100,40,96,+0,24%
HYPE3,Hypera,1.807.700,41,15,-0,60%
DIRR3,Direcional,1.802.900,21,31,-0,75%
SIMH3,Simpar,1.792.800,10,04,-1,95%
EZTC3,EZTEC,1.776.700,23,18,-0,39%
CURY3,Cury,1.763.500,16,87,-2,03%
ENBR3,EDP Brasil,1.697.900,24,08,+0,12%
DASA3,Dasa,1.665.600,13,11,+10,73%
JALL3,Jalles Machado,1.593.500,7,01,-0,28%
BRSR6,Banrisul,1.585.200,12,96,+0,78%
SBSP3,Sabesp,1.507.300,58,47,-2,29%
TRAD3,Traders Club,1.424.900,1,31,+2,34%
CPFE3,CPFL Energia,1.405.500,33,70,-2,06%
SMTO3,São Martinho,1.386.000,32,48,+1,18%
MYPK3,Iochpe-Maxion,1.346.500,14,48,+0,07%
MBLY3,Mobly,1.340.800,3,72,-6,06%
VIVA3,Vivara,1.309.800,29,44,+0,24%
GRND3,Grendene,1.258.300,7,03,-1,54%
MTRE3,Mitre Realty,1.256.100,5,32,-0,93%
MEAL3,IMC Alimentação,1.255.600,2,10,-1,87%
AESB3,AES Brasil,1.206.500,10,77,-0,65%
TTEN3,3tentos,1.163.900,12,12,-2,49%
TRIS3,Trisul,1.157.900,5,62,-3,77%
WIZC3,Wiz Soluções,1.124.400,5,86,-0,85%
ODPV3,Odontoprev,1.104.100,11,06,-0,72%
AMBP3,Ambipar,1.095.500,21,94,-2,58%
SLCE3,SLC Agrícola,1.055.100,39,21,-0,13%
POSI3,Positivo,1.035.500,8,57,+0,12%
EVEN3,Even,1.035.200,6,66,-0,30%
MDIA3,M. Dias Branco,945.700,41,70,-1,26%
ENAT3,Enauta,930.900,13,84,+0,07%
TASA4,Taurus,926.300,14,55,-1,15%
MILS3,Mills,889.600,12,29,-0,57%
PTBL3,Portobello,861.000,6,85,+0,88%
VIVR3,Viver,852.500,3,32,+7,10%
ABCB4,Banco ABC Brasil,775.900,18,51,+1,31%
SQIA3,Sinqia,742.400,26,74,-0,04%
BRIT3,Brisanet,735.500,3,66,-2,66%
RANI3,Irani,722.600,10,33,-2,55%
MEGA3,OMEGA ENERGIA S.A.,717.600,10,52,-0,66%
PGMN3,Pague Menos,698.100,3,98,+0,76%
INTB3,Intelbras,651.700,22,97,+0,22%
NGRD3,Neogrid,648.900,1,32,-4,35%
NEOE3,Neoenergia,648.600,18,89,-1,25%
WEST3,Westwing,641.200,2,04,-1,45%
TUPY3,Tupy,598.100,26,35,-0,75%
PLPL3,Plano&Plano,537.600,10,00,-2,44%
ARML3,Armac,528.200,13,10,-2,53%
BMGB4,Banco BMG,521.200,2,35,-0,84%
SOJA3,Boa Safra Sementes,498.000,13,34,-1,91%
BMOB3,Bemobi,491.800,12,24,-2,39%
HBOR3,Helbor,479.600,3,06,-1,61%
ROMI3,Indústrias ROMI,477.200,12,98,+0,70%
OPCT3,OceanPact,453.400,5,22,-0,19%
AGRO3,BrasilAgro,417.400,23,52,-0,59%
UNIP6,Unipar,413.200,76,43,+0,04%
TAEE4,Taesa,410.800,11,54,-0,60%
LAVV3,Lavvi Incorporadora,409.400,8,37,-0,24%
CMIG3,CEMIG,405.500,19,52,+1,30%
MDNE3,Moura Dubeux,395.200,11,68,-3,07%
PNVL3,Dimed,393.700,12,55,-3,46%
ENJU3,Enjoei,389.400,1,60,+0,63%
KLBN3,Klabin,386.800,4,50,-0,44%
FESA4,Ferbasa,381.800,44,36,+2,97%
LUPA3,Lupatech,359.600,2,63,-2,95%
ORVR3,Orizon,350.700,35,07,-1,38%
PORT3,Wilson Sons,338.900,12,86,-0,85%
PINE4,PINE,320.300,3,97,-0,75%
VULC3,Vulcabras,310.000,20,50,-0,58%
CLSA3,ClearSale,309.200,4,48,-1,54%
SANB4,Banco Santander,303.400,14,12,+0,71%
BLAU3,Blau Farmacêutica,295.800,17,81,-0,39%
FRAS3,Fras-le,282.500,13,74,-1,43%
VVEO3,Viveo,282.000,18,74,-3,65%
MELK3,Melnick,280.000,4,24,-4,72%
AALR3,Alliança,276.400,10,80,-11,26%
LEVE3,Mahle Metal Leve,274.300,44,06,-2,00%
FIQE3,Unifique,273.900,4,00,+2,56%
MATD3,Mater Dei,270.200,9,58,+0,21%
HBRE3,HBR Realty,248.600,5,77,-2,53%
CSED3,Cruzeiro do Sul Educacional,235.500,4,40,-1,12%
VLID3,Valid,233.800,16,85,+0,00%
JSLG3,JSL,231.400,9,46,-1,25%
SANB3,Banco Santander,227.900,12,32,-0,24%
SYNE3,SYN,211.300,4,01,-0,74%
TAEE3,Taesa,206.600,11,53,-0,77%
KRSA3,Kora Saúde,194.900,1,38,+2,99%
SAPR3,Sanepar,192.000,4,20,-0,94%
LOGG3,LOG CP,191.200,19,21,+2,18%
VITT3,Vittia,183.400,11,09,-1,07%
NINJ3,GetNinjas,181.300,3,69,+1,37%
ELMD3,Eletromidia,179.100,13,87,-0,22%
ALPK3,Estapar,165.600,4,81,-0,82%
SLED4,Saraiva,165.400,2,16,+0,47%
TFCO4,Track & Field,161.300,13,61,-1,31%
ETER3,Eternit,157.700,9,15,+1,44%
SHUL4,Schulz,151.600,7,28,-0,27%
SGPS3,Springs,141.600,2,26,-0,44%
USIM3,Usiminas,126.800,6,95,-1,42%
TECN3,Technos,124.900,3,25,-2,69%
TCSA3,Tecnisa,114.200,3,55,-2,74%
TGMA3,Tegma,111.300,25,15,+0,56%
POMO3,Marcopolo,106.800,4,67,-1,27%
LVTC3,WDC Networks,102.100,4,62,-3,55%
RNEW3,Renova Energia,97.800,1,40,-1,41%
DESK3,Desktop,96.400,14,80,-1,46%
ITSA3,Itaúsa,93.700,9,36,-0,64%
DEXP3,Dexxos,91.900,10,65,-1,11%
PRNR3,Priner,91.100,10,80,-1,19%
LOGN3,Log-In,88.700,42,75,-0,65%
PDGR3,PDG Realty,85.300,5,13,+3,43%
BRPR3,BR Properties,73.300,71,61,-0,33%
DOTZ3,Dotz,73.100,1,22,+0,00%
OIBR4,Oi,70.400,2,16,-3,57%
PDTC3,Padtec,70.100,2,47,-2,37%
BRAP3,Bradespar,67.000,19,82,-1,78%
GGBR3,Gerdau,66.600,23,09,-0,99%
RSID3,Rossi Residencial,64.300,4,54,+1,79%
SHOW3,Time For Fun,56.500,2,67,-2,20%
LPSB3,Lopes,55.000,2,88,+0,70%
CTSA4,Santanense,50.800,2,04,-8,52%
HAGA3,Haga,50.200,2,87,+0,70%
ATMP3,Atma,48.400,2,08,-1,89%
GOAU3,Metalúrgica Gerdau,47.900,11,49,-2,30%
TPIS3,Triunfo,44.400,3,81,+1,87%
LAND3,Terra Santa,42.800,24,04,-1,88%
BRKM3,Braskem,42.400,23,48,-1,76%
CSUD3,CSU Cardsystem,41.100,15,55,-0,96%
RNEW4,Renova Energia,37.300,1,46,-1,35%
INEP3,Inepar,36.600,3,95,-2,95%
AGXY3,AgroGalaxy,33.600,4,85,-3,00%
APER3,Alper,33.300,29,63,-4,11%
PFRM3,Profarma,33.300,3,76,+1,62%
ALUP4,Alupar,31.000,9,41,-0,21%
ALUP3,Alupar,29.100,9,38,-0,53%
ALLD3,Allied,28.900,6,55,-1,80%
RPMG3,Refinaria de Manguinhos,28.700,2,21,-2,64%
IGTI3,Jereissati Participações,28.200,2,78,+0,72%
IGTI3,Iguatemi,28.200,2,78,+0,72%
EUCA4,Eucatex,27.700,12,65,-0,39%
PMAM3,Paranapanema,22.400,5,03,+0,20%
CAMB3,Cambuci,21.300,10,35,-1,90%
EPAR3,EPAR3,20.100,13,50,+6,30%
VSTE3,LE LIS BLANC,19.700,17,86,-5,50%
MNPR3,Minupar,16.300,16,14,+0,88%
BOBR4,Bombril,15.400,1,90,+0,00%
ENGI4,Energisa,14.800,7,89,-0,75%
TASA3,Taurus,14.500,14,74,-1,07%
FHER3,Fertilizantes Heringer,14.000,12,40,-0,64%
COCE5,Coelce,13.200,48,00,-2,28%
ALPA3,Alpargatas,12.900,9,95,+6,19%
OFSA3,Ourofino Saúde Animal,12.700,23,45,-0,26%
PTNT4,Pettenati,12.700,7,37,+1,10%
INEP4,Inepar,12.400,3,23,-1,52%
UNIP3,Unipar,11.500,70,59,-1,64%
BEES3,Banestes,11.400,8,75,-1,13%
HAGA4,Haga,11.300,1,42,+0,71%
ENGI3,Energisa,10.900,15,99,-0,62%
BMEB4,Banco Mercantil do Brasil,10.600,13,00,+0,00%
RAPT3,Randon,10.600,9,64,-0,92%
CGRA3,Grazziotin,9.600,25,75,-0,16%
JFEN3,João Fortes,9.500,2,84,+4,03%
BAHI3,Bahema,9.200,8,75,-6,42%
EQPA3,Equatorial Energia Pará,8.700,6,16,+1,82%
ATOM3,ATOM,8.700,2,30,-2,13%
DMVF3,D1000 Varejo Farma,8.300,4,81,+0,84%
RDNI3,RNI,7.900,5,35,-4,63%
CEDO4,Cedro Têxtil,7.400,17,00,+0,06%
CRPG6,Tronox Pigmentos,7.200,27,70,-1,11%
CEBR6,CEB,7.200,14,28,+1,35%
BRSR3,Banrisul,7.000,13,15,-0,30%
UCAS3,Unicasa,6.900,2,67,+0,00%
BEES4,Banestes,6.200,9,76,-1,81%
CLSC4,Celesc,6.100,64,22,-0,43%
CGRA4,Grazziotin,5.700,27,27,-0,69%
TELB4,Telebras,5.200,12,47,+2,21%
REDE3,Rede Energia,4.400,5,65,+0,36%
CEBR3,CEB,4.300,13,19,+0,69%
SCAR3,São Carlos,4.200,24,60,-0,77%
EALT4,Electro Aço Altona,3.700,9,28,+0,22%
BAZA3,Banco da Amazônia,3.500,69,46,+1,25%
ENMT3,Energisa MT,3.500,49,70,+8,04%
BPAC5,Banco BTG Pactual,3.500,8,11,-0,73%
SNSY5,Sansuy,3.000,4,04,+0,25%
CTSA3,Santanense,3.000,2,92,-3,63%
CTNM4,Coteminas,2.900,2,28,-0,44%
CEBR5,CEB,2.800,13,50,-0,22%
WLMM4,WLM,2.600,34,45,+0,55%
CRPG5,Tronox Pigmentos,2.500,37,10,+4,95%
BPAC3,Banco BTG Pactual,2.400,14,24,-0,97%
HETA4,Hercules,2.400,6,40,+6,14%
GEPA4,Rio Paranapanema Energia,2.200,26,00,-1,81%
HOOT4,Hotéis Othon,2.200,2,28,-1,72%
CEDO3,Cedro Têxtil,2.100,22,87,-0,57%
DEXP4,Dexxos,2.000,9,50,+0,00%
RPAD5,Alfa Holdings,2.000,7,03,+0,29%
MTSA4,METISA,1.900,51,49,-0,71%
BGIP4,Banese,1.800,22,70,-7,91%
BIOM3,Biomm,1.700,5,79,-2,69%
WHRL4,Whirlpool,1.700,4,91,+0,20%
MWET4,Wetzel,1.600,9,58,-0,93%
EALT3,Electro Aço Altona,1.500,8,80,-4,35%
FRTA3,Pomi Frutas,1.500,2,44,+1,24%
RSUL4,Metalúrgica Riosulense,1.300,61,02,-1,12%
CTKA4,Karsten,1.200,12,00,-5,81%
TELB3,Telebras,1.100,16,95,+0,30%
MERC4,Mercantil do Brasil Financeira,1.100,7,33,-0,14%
AVLL3,Alphaville,1.100,5,95,-4,03%
SNSY3,Sansuy,1.100,5,18,-1,89%
TRPL3,Transmissão Paulista,1.000,32,41,-0,25%
BRGE3,Consórcio Alfa,1.000,9,72,-2,80%
BGIP3,Banese,900,23,34,-0,68%
PEAB3,Participações Aliança da Bahia,800,33,99,-8,11%
SLED3,Saraiva,800,6,12,-1,77%
TEKA4,Teka,700,17,50,-5,35%
CRIV4,Alfa Financeira,700,5,45,-1,09%
MGEL4,Mangels,600,16,50,+0,00%
BAUH4,Excelsior,500,71,00,-2,04%
BALM4,Baumer,500,9,80,+2,08%
NEXP3,Brasil Brokers,500,6,21,-2,51%
DOHL4,Döhler,500,5,78,+1,40%
OSXB3,OSX Brasil,500,4,58,+3,62%
CTNM3,Coteminas,400,9,49,-0,32%
CRIV3,Alfa Financeira,400,5,51,+5,35%
WHRL3,Whirlpool,400,4,81,+0,00%
ENMT4,Energisa MT,300,52,11,-1,46%
MNDL3,Mundial,300,50,00,-0,99%
EQMA3B,Equatorial Maranhão,300,27,99,+1,34%
BRIV4,Alfa Investimento,300,10,90,+0,93%
EMAE4,EMAE,200,57,97,+1,47%
CEEB3,COELBA,200,41,30,+0,61%
MWET3,Wetzel,200,13,29,+0,08%
BRGE8,Consórcio Alfa,200,10,10,+0,00%
BALM3,Baumer,200,9,68,+1,57%
PTNT3,Pettenati,200,9,47,-0,11%
MOAR3,Monteiro Aranha,100,310,00,+0,05%
CGAS5,Comgás,100,128,05,+0,01%
BNBR3,Banco do Nordeste,100,94,00,+4,44%
UNIP5,Unipar,100,89,98,+0,00%
EKTR4,Elektro,100,39,39,-1,30%
PATI3,Panatlântica,100,25,00,+0,00%
BMIN4,Banco Mercantil de Investimentos,100,14,08,-1,19%
BDLL4,Bardella,100,9,60,-2,04%
IGTI4,Jereissati Participações,100,9,06,+0,11%
IGTI4,Iguatemi,100,9,06,+0,11%
RPAD6,Alfa Holdings,100,7,50,+10,13%
BMKS3,Monark,16,329,00,+1,23%
BRGE12,Consórcio Alfa,11.100,9,90,+0,00%
EUCA3,Eucatex,1.700,17,03,+0,00%
BMEB3,Banco Mercantil do Brasil,400,14,17,+0,14%
PLAS3,Plascar,400,7,60,-5,00%
RPAD3,Alfa Holdings,400,6,87,-8,28%
AFLT3,Afluente T,200,9,24,-2,74%
CPLE5,Copel,100,29,50,+7,66%
CALI3,Adolpho Lindenberg,100,14,50,+0,00%
PINE3,PINE,100,4,15,+176,67%
BRIV3,Alfa Investimento,1.400,10,51,-1,78%
ESTR4,Estrela,1.100,6,00,-9,09%
FIEI3,FIEI3,700,15,00,+6,76%
BSLI4,Banco de Brasília,300,11,52,+0,09%
BRGE6,Consórcio Alfa,300,10,00,-1,86%
CGAS3,Comgás,200,118,02,-4,05%
JOPA3,Josapar,100,21,00,+0,00%
BRKM6,Braskem,100,18,51,-6,33%
AHEB6,São Paulo Turismo,100,17,01,-8,05%
AHEB5,São Paulo Turismo,100,16,51,+0,12%
BRSR5,Banrisul,200,19,02,+11,82%
MTSA3,METISA,100,77,00,+2,67%
TKNO4,Tekno,100,64,98,-0,02%
HBTS5,Habitasul,100,52,51,+9,40%
DTCY3,Dtcom,1.000,5,00,-5,66%
CSRN3,COSERN,400,27,20,+0,74%
GEPA3,Rio Paranapanema Energia,400,26,52,-3,56%
LIPR3,Eletropar,100,73,00,-0,27%
CLSC3,Celesc,500,60,10,+5,44%
WLMM3,WLM,200,20,00,+0,00%
BMIN3,Banco Mercantil de Investimentos,200,18,50,+0,00%
ELET5,Eletrobras,100,86,01,+0,01%
FRIO3,Metalfrio,100,50,52,+0,04%
GSHP3,General Shopping & Outlets,100,15,05,-0,33%
BSLI3,Banco de Brasília,200,14,87,+5,01%
DOHL3,Döhler,100,10,00,+0,00%
EQPA7,Equatorial Energia Pará,100,7,00,-0,14%
FESA3,Ferbasa,300,58,44,-1,20%
NORD3,Nordon,100,5,70,-1,89%
CEED3,CEEE D,900,29,53,+9,41%
CRPG3,Tronox Pigmentos,400,45,00,+3,45%
BDLL3,Bardella,100,12,20,+2,87%
BOAS3,Boa Vista,23.239.000,7,95,-0,38%
LUXM4,Trevisa,100,18,93,-0,05%
MAPT4,Cemepe,300,11,00,+61,29%
SOND5,Sondotécnica,200,50,00,+25,00%
AHEB3,São Paulo Turismo,100,22,09,+0,00%
SOND6,Sondotécnica,100,40,56,+0,02%
PATI4,Panatlântica,200,33,00,+0,00%
CSRN6,COSERN,200,27,60,-4,83%
CEEB5,COELBA,100,54,60,+9,20%
PEAB4,Participações Aliança da Bahia,2.600,74,00,+2,78%
CSRN5,COSERN,400,29,50,+13,55%
CSAB4,Cia. de Seg. Aliança da Bahia,600,47,50,+8,30%
CSAB3,Cia. de Seg. Aliança da Bahia,100,35,01,+16,43%
EQPA5,Equatorial Energia Pará,400,8,40,-2,78%
BRGE5,Consórcio Alfa,500,11,30,-1,99%
EQPA6,Equatorial Energia Pará,200,10,05,-5,99%
COCE3,Coelce,200,50,01,+2,86%
CBEE3,Ampla Energia,100,13,70,+3,24%
JOPA4,Josapar,100,33,80,-1,20%
GPAR3,CELGPAR,400,44,51,+6,18%
USIM6,Usiminas,800,16,35,+0,31%
MODL3,Banco Modal,16.688.000,3,08,+0,33%
CTKA3,Karsten,300,18,00,+4,71%
MERC3,Mercantil do Brasil Financeira,51.500,15,28,+1,13%
DMFN3,DMFN3,100,12,60,+6,15%
CEGR3,Naturgy (CEG),100,85,00,-4,49%
MAPT3,Cemepe,300,30,05,+0,00%
CRDE3,CR2,400,16,00,+0,00%
ESTR3,Estrela,100,19,95,-1,34%
IGBR3,IGB Eletrônica,700,175,99,+1,14%
BRGE11,Consórcio Alfa,100,9,99,+2,04%
MSPA4,Melhoramentos,100,40,00,+0,00%
MRSA6B,MRS Logística,200,22,00,-4,60%
BRGE7,Consórcio Alfa,400,9,29,+26,22%
EKTR3,Elektro,100,34,92,-3,19%
ODER4,Conservas Oderich,100,100,00,+12,35%
PARD3,Hermes Pardini,1.861.800,18,10,+1,29%
CASN3,CASAN,100,10,43,-18,39%
CEED4,CEEE D,100,30,00,-14,29%
MRSA5B,MRS Logística,100,27,00,+22,39%
WIZS3,WIZS3,779.400,7,16,+1,99%
LLIS3,LLIS3,249.800,1,73,+2,98%
MSPA3,Melhoramentos,400,46,25,-7,52%
BRML3,BRMalls,16.132.900,8,26,+2,35%
DMMO3,Dommo Energia,3.254.800,1,76,-1,12%
GETT3,Getnet,46.500,2,40,+1,27%
GETT4,Getnet,18.500,2,40,+1,27%
SULA4,SulAmérica,18.600,7,63,+5,53%
SULA3,SulAmérica,4.000,7,43,+1,50%
MRSA3B,MRS Logística,100,26,00,+4,00%
CEPE5,CELPE,100,40,12,+0,02%
TCNO4,Tecnosolo,36.800,0,85,-9,57%
TCNO3,Tecnosolo,3.400,1,20,-1,64%
CEPE6,CELPE,100,43,00,+6,17%
BKBR3,BKBR3,782.300,7,63,+0,26%
MTIG4,Metalgráfica Iguaçu,100,23,00,+0,00%
BLUT4,Blue Tech Solutions,171.100,1,52,-5,59%
BLUT3,Blue Tech Solutions,13.400,5,14,+0,59%
MODL4,Banco Modal,700,2,72,-2,16%
CARD3,CARD3,118.000,14,51,+1,82%
SHUL3,Schulz,100,27,94,-50,12%
FIGE3,Investimentos Bemge,100,12,03,+99,83%
FNCN3,Finansinos,4.800,14,25,-0,35%
TEKA3,Teka,100,8,23,+1,73%
HETA3,Hercules,200,96,00,+0,00%
LCAM3,Locamerica,26.118.900,24,15,+1,86%
BIDI4,Banco Inter,52.479.800,3,41,-2,01%
BIDI3,Banco Inter,15.262.400,3,40,-2,58%
EEEL4,CEEE GT,100,410,00,-2,88%
EEEL3,CEEE GT,400,421,01,+5,25%
BBRK3,BBRK3,1.279.600,0,80,+1,27%
SOND3,Sondotécnica,200,46,01,+14,45%
CESP6,CESP,9.306.600,25,25,+1,41%
CESP3,CESP,11.500,25,55,+1,71%
CESP5,CESP,300,25,00,+2,75%
ECPR4,Encorpar,100,90,74,+0,42%
MOSI3,Mosaico,1.021.200,8,24,+3,00%
POWE3,Focus Energia,678.000,10,90,-2,24%
ECPR3,Encorpar,300,90,25,+12,97%
GNDI3,NotreDame Intermédica,33.458.600,65,34,+0,00%
LAME4,Lojas Americanas,43.631.000,6,55,+2,02%
LAME3,Lojas Americanas,10.941.100,6,62,+2,95%
OMGE3,Omega Geração,834.900,27,57,-0,86%
IGTA3,IGTA3,1.643.400,33,13,+0,18%
JPSA3,JPSA3,100.100,29,02,+1,75%
BRDT3,BRDT3,24.483.500,22,03,-5,17%
JBDU4,JBDU4,2.556.100,1,36,+3,82%
JBDU3,JBDU3,1.890.100,3,12,+9,09%
HGTX3,Hering,7.519.800,37,50,-2,65%
CCPR3,CCPR3,328.200,10,16,-4,51%
DTEX3,DTEX3,2.867.800,20,63,-3,10%
VVAR3,VVAR3,64.987.000,11,30,-6,38%
PNVL4,Dimed,2.000,18,62,-2,67%
TESA3,Terra Santa,41.100,48,00,-2,74%
BTOW3,BTOW3,11.169.600,68,00,+4,15%
LINX3,Linx,8.510.000,37,40,-0,27%
BTTL3,Embpar,6.100,19,72,-2,33%
GPCP3,GPCP3,698.100,49,00,-3,92%
GPCP4,GPCP4,5.300,45,51,-1,30%
SMLS3,Smiles,1.944.100,22,40,-1,71%
MMXM3,MMX Mineração,1.240.300,14,00,-30,35%
BSEV3,Biosev,528.800,9,00,+8,43%
CNTO3,CNTO3,2.083.600,28,08,+4,78%
TIET4,AES Tietê Energia,323.700,3,51,+1,15%
TIET3,AES Tietê Energia,169.100,3,49,+0,87%
CORR4,Corrêa Ribeiro,100,82,00,+18,84%
CEPE3,CELPE,1.300,128,00,+85,32%
CALI4,Adolpho Lindenberg,100,50,00,+4,17%
SNSY6,Sansuy,100,11,51,+4,64%
CASN4,CASAN,100,10,00,-16,67%
EMAE3,EMAE,100,26,01,+33,25%
BPAR3,Banpará,100,182,07,+20,58%
APTI4,Aliperti,200,3.500,00,-61,96%
VSPT3,FCA,1.000.000,4.999.999,50,+114,29%
MTIG3,Metalgráfica Iguaçu,400,156,30,+29,60%
FIGE4,Investimentos Bemge,100,38,01,-4,97%
LUXM3,Trevisa,200,2,50,+8,23%
TKNO3,Tekno,100,85,79,+10,64%
COCE6,Coelce,100,35,00,+16,63%
MGEL3,Mangels,100,75,00,+8,70%
CTSA8,Santanense,2.000,1,00,+0,00%
MMAQ4,Minasmáquinas,14,200,06,-28,55%
